Department,Module,Title,Specialty
Pediatrics,Infectious Disease,Fever Management in Children,Pediatrics
Pediatrics,Respiratory,Asthma in Children,Pediatrics
Pediatrics,Infectious Disease,Ear Infection Overview,Pediatrics
Pediatrics,Dermatology,Eczema and Atopic Dermatitis,Pediatrics
Pediatrics,Immunization,Childhood Immunization Schedule,Pediatrics
Pediatrics,Respiratory,RSV and Bronchiolitis in Infants,Pediatrics
Pediatrics,GI,Constipation in Young Children,Pediatrics
Pediatrics,Infectious Disease,Strep Throat,Pediatrics
Pediatrics,Allergy,Food Allergy Management,Pediatrics
Pediatrics,Urgent Care,Emergency Warning Signs in Children,Pediatrics
Pediatrics,Dermatology,Skin Rashes in Newborns,Pediatrics
Pediatrics,Neurology,Febrile Seizures,Pediatrics
Pediatrics,GI,Reflux in Infants,Pediatrics
Pediatrics,Nutrition,Introducing Solid Foods,Pediatrics
Pediatrics,Development,Developmental Milestones 0-2 Years,Pediatrics
